file,events,duration,parts
/mnt/c/Users/Sanjeev's LOQ/Desktop/Intership/AI_Music_Generation/midi/Tegridy-MIDI-Dataset (1).mid,472,110.0,1
/mnt/c/Users/Sanjeev's LOQ/Desktop/Intership/AI_Music_Generation/midi/Tegridy-MIDI-Dataset (10).mid,1200,316.25,1
/mnt/c/Users/Sanjeev's LOQ/Desktop/Intership/AI_Music_Generation/midi/Tegridy-MIDI-Dataset (100).mid,605,132.25,1
/mnt/c/Users/Sanjeev's LOQ/Desktop/Intership/AI_Music_Generation/midi/Tegridy-MIDI-Dataset (101).mid,865,309.25,1
/mnt/c/Users/Sanjeev's LOQ/Desktop/Intership/AI_Music_Generation/midi/Tegridy-MIDI-Dataset (102).mid,978,221.83333333333334,1
/mnt/c/Users/Sanjeev's LOQ/Desktop/Intership/AI_Music_Generation/midi/Tegridy-MIDI-Dataset (103).mid,554,147.83333333333334,1
/mnt/c/Users/Sanjeev's LOQ/Desktop/Intership/AI_Music_Generation/midi/Tegridy-MIDI-Dataset (104).mid,678,134.33333333333334,1
/mnt/c/Users/Sanjeev's LOQ/Desktop/Intership/AI_Music_Generation/midi/Tegridy-MIDI-Dataset (105).mid,630,278.9166666666667,1
/mnt/c/Users/Sanjeev's LOQ/Desktop/Intership/AI_Music_Generation/midi/Tegridy-MIDI-Dataset (106).mid,754,134.0,1
/mnt/c/Users/Sanjeev's LOQ/Desktop/Intership/AI_Music_Generation/midi/Tegridy-MIDI-Dataset (107).mid,738,220.83333333333334,1
/mnt/c/Users/Sanjeev's LOQ/Desktop/Intership/AI_Music_Generation/midi/Tegridy-MIDI-Dataset (108).mid,426,181.75,1
/mnt/c/Users/Sanjeev's LOQ/Desktop/Intership/AI_Music_Generation/midi/Tegridy-MIDI-Dataset (109).mid,504,120.0,1
/mnt/c/Users/Sanjeev's LOQ/Desktop/Intership/AI_Music_Generation/midi/Tegridy-MIDI-Dataset (11).mid,1104,242.25,1
/mnt/c/Users/Sanjeev's LOQ/Desktop/Intership/AI_Music_Generation/midi/Tegridy-MIDI-Dataset (110).mid,966,344.25,1
/mnt/c/Users/Sanjeev's LOQ/Desktop/Intership/AI_Music_Generation/midi/Tegridy-MIDI-Dataset (111).mid,966,344.25,1
/mnt/c/Users/Sanjeev's LOQ/Desktop/Intership/AI_Music_Generation/midi/Tegridy-MIDI-Dataset (112).mid,439,231.25,1
/mnt/c/Users/Sanjeev's LOQ/Desktop/Intership/AI_Music_Generation/midi/Tegridy-MIDI-Dataset (113).mid,479,120.0,1
/mnt/c/Users/Sanjeev's LOQ/Desktop/Intership/AI_Music_Generation/midi/Tegridy-MIDI-Dataset (114).mid,478,180.0,1
/mnt/c/Users/Sanjeev's LOQ/Desktop/Intership/AI_Music_Generation/midi/Tegridy-MIDI-Dataset (115).mid,539,171.33333333333334,1
/mnt/c/Users/Sanjeev's LOQ/Desktop/Intership/AI_Music_Generation/midi/Tegridy-MIDI-Dataset (116).mid,856,160.0,6
/mnt/c/Users/Sanjeev's LOQ/Desktop/Intership/AI_Music_Generation/midi/Tegridy-MIDI-Dataset (117).mid,864,224.0,1
/mnt/c/Users/Sanjeev's LOQ/Desktop/Intership/AI_Music_Generation/midi/Tegridy-MIDI-Dataset (118).mid,867,187.0,1
/mnt/c/Users/Sanjeev's LOQ/Desktop/Intership/AI_Music_Generation/midi/Tegridy-MIDI-Dataset (119).mid,542,158.91666666666666,1
/mnt/c/Users/Sanjeev's LOQ/Desktop/Intership/AI_Music_Generation/midi/Tegridy-MIDI-Dataset (12).mid,1191,244.0,1
/mnt/c/Users/Sanjeev's LOQ/Desktop/Intership/AI_Music_Generation/midi/Tegridy-MIDI-Dataset (120).mid,592,198.66666666666666,1
/mnt/c/Users/Sanjeev's LOQ/Desktop/Intership/AI_Music_Generation/midi/Tegridy-MIDI-Dataset (121).mid,576,110.25,1
/mnt/c/Users/Sanjeev's LOQ/Desktop/Intership/AI_Music_Generation/midi/Tegridy-MIDI-Dataset (122).mid,603,109.33333333333333,1
/mnt/c/Users/Sanjeev's LOQ/Desktop/Intership/AI_Music_Generation/midi/Tegridy-MIDI-Dataset (123).mid,924,164.75,1
/mnt/c/Users/Sanjeev's LOQ/Desktop/Intership/AI_Music_Generation/midi/Tegridy-MIDI-Dataset (124).mid,544,185.16666666666666,1
/mnt/c/Users/Sanjeev's LOQ/Desktop/Intership/AI_Music_Generation/midi/Tegridy-MIDI-Dataset (125).mid,360,128.5,1
/mnt/c/Users/Sanjeev's LOQ/Desktop/Intership/AI_Music_Generation/midi/Tegridy-MIDI-Dataset (13).mid,564,225.5,1
/mnt/c/Users/Sanjeev's LOQ/Desktop/Intership/AI_Music_Generation/midi/Tegridy-MIDI-Dataset (14).mid,848,224.33333333333334,1
/mnt/c/Users/Sanjeev's LOQ/Desktop/Intership/AI_Music_Generation/midi/Tegridy-MIDI-Dataset (15).mid,665,197.5,1
/mnt/c/Users/Sanjeev's LOQ/Desktop/Intership/AI_Music_Generation/midi/Tegridy-MIDI-Dataset (16).mid,942,220.0,1
/mnt/c/Users/Sanjeev's LOQ/Desktop/Intership/AI_Music_Generation/midi/Tegridy-MIDI-Dataset (17).mid,580,212.58333333333334,1
/mnt/c/Users/Sanjeev's LOQ/Desktop/Intership/AI_Music_Generation/midi/Tegridy-MIDI-Dataset (18).mid,538,124.0,1
/mnt/c/Users/Sanjeev's LOQ/Desktop/Intership/AI_Music_Generation/midi/Tegridy-MIDI-Dataset (19).mid,496,200.0,1
/mnt/c/Users/Sanjeev's LOQ/Desktop/Intership/AI_Music_Generation/midi/Tegridy-MIDI-Dataset (2).mid,655,153.83333333333334,1
/mnt/c/Users/Sanjeev's LOQ/Desktop/Intership/AI_Music_Generation/midi/Tegridy-MIDI-Dataset (20).mid,911,228.0,1
/mnt/c/Users/Sanjeev's LOQ/Desktop/Intership/AI_Music_Generation/midi/Tegridy-MIDI-Dataset (21).mid,1191,244.0,1
/mnt/c/Users/Sanjeev's LOQ/Desktop/Intership/AI_Music_Generation/midi/Tegridy-MIDI-Dataset (22).mid,1052,237.0,1
/mnt/c/Users/Sanjeev's LOQ/Desktop/Intership/AI_Music_Generation/midi/Tegridy-MIDI-Dataset (23).mid,1036,239.66666666666666,1
/mnt/c/Users/Sanjeev's LOQ/Desktop/Intership/AI_Music_Generation/midi/Tegridy-MIDI-Dataset (24).mid,831,180.0,1
/mnt/c/Users/Sanjeev's LOQ/Desktop/Intership/AI_Music_Generation/midi/Tegridy-MIDI-Dataset (25).mid,504,120.0,1
/mnt/c/Users/Sanjeev's LOQ/Desktop/Intership/AI_Music_Generation/midi/Tegridy-MIDI-Dataset (26).mid,439,144.0,1
/mnt/c/Users/Sanjeev's LOQ/Desktop/Intership/AI_Music_Generation/midi/Tegridy-MIDI-Dataset (27).mid,391,128.0,1
/mnt/c/Users/Sanjeev's LOQ/Desktop/Intership/AI_Music_Generation/midi/Tegridy-MIDI-Dataset (28).mid,853,223.0,1
/mnt/c/Users/Sanjeev's LOQ/Desktop/Intership/AI_Music_Generation/midi/Tegridy-MIDI-Dataset (29).mid,688,193.66666666666666,1
/mnt/c/Users/Sanjeev's LOQ/Desktop/Intership/AI_Music_Generation/midi/Tegridy-MIDI-Dataset (3).mid,282,92.0,1
/mnt/c/Users/Sanjeev's LOQ/Desktop/Intership/AI_Music_Generation/midi/Tegridy-MIDI-Dataset (30).mid,548,185.16666666666666,1
/mnt/c/Users/Sanjeev's LOQ/Desktop/Intership/AI_Music_Generation/midi/Tegridy-MIDI-Dataset (31).mid,407,142.33333333333334,1
/mnt/c/Users/Sanjeev's LOQ/Desktop/Intership/AI_Music_Generation/midi/Tegridy-MIDI-Dataset (32).mid,618,114.08333333333333,1
/mnt/c/Users/Sanjeev's LOQ/Desktop/Intership/AI_Music_Generation/midi/Tegridy-MIDI-Dataset (33).mid,564,225.5,1
/mnt/c/Users/Sanjeev's LOQ/Desktop/Intership/AI_Music_Generation/midi/Tegridy-MIDI-Dataset (34).mid,924,164.75,1
/mnt/c/Users/Sanjeev's LOQ/Desktop/Intership/AI_Music_Generation/midi/Tegridy-MIDI-Dataset (35).mid,966,344.25,1
/mnt/c/Users/Sanjeev's LOQ/Desktop/Intership/AI_Music_Generation/midi/Tegridy-MIDI-Dataset (36).mid,577,110.25,1
/mnt/c/Users/Sanjeev's LOQ/Desktop/Intership/AI_Music_Generation/midi/Tegridy-MIDI-Dataset (37).mid,936,153.58333333333334,1
/mnt/c/Users/Sanjeev's LOQ/Desktop/Intership/AI_Music_Generation/midi/Tegridy-MIDI-Dataset (38).mid,677,134.33333333333334,1
/mnt/c/Users/Sanjeev's LOQ/Desktop/Intership/AI_Music_Generation/midi/Tegridy-MIDI-Dataset (39).mid,601,108.41666666666667,1
/mnt/c/Users/Sanjeev's LOQ/Desktop/Intership/AI_Music_Generation/midi/Tegridy-MIDI-Dataset (4).mid,281,92.0,1
/mnt/c/Users/Sanjeev's LOQ/Desktop/Intership/AI_Music_Generation/midi/Tegridy-MIDI-Dataset (40).mid,754,134.0,1
/mnt/c/Users/Sanjeev's LOQ/Desktop/Intership/AI_Music_Generation/midi/Tegridy-MIDI-Dataset (41).mid,817,144.08333333333334,1
/mnt/c/Users/Sanjeev's LOQ/Desktop/Intership/AI_Music_Generation/midi/Tegridy-MIDI-Dataset (42).mid,605,132.25,1
/mnt/c/Users/Sanjeev's LOQ/Desktop/Intership/AI_Music_Generation/midi/Tegridy-MIDI-Dataset (43).mid,410,88.0,1
/mnt/c/Users/Sanjeev's LOQ/Desktop/Intership/AI_Music_Generation/midi/Tegridy-MIDI-Dataset (44).mid,884,169.25,1
/mnt/c/Users/Sanjeev's LOQ/Desktop/Intership/AI_Music_Generation/midi/Tegridy-MIDI-Dataset (45).mid,631,142.5,1
/mnt/c/Users/Sanjeev's LOQ/Desktop/Intership/AI_Music_Generation/midi/Tegridy-MIDI-Dataset (46).mid,924,191.58333333333334,1
/mnt/c/Users/Sanjeev's LOQ/Desktop/Intership/AI_Music_Generation/midi/Tegridy-MIDI-Dataset (47).mid,787,96.0,1
/mnt/c/Users/Sanjeev's LOQ/Desktop/Intership/AI_Music_Generation/midi/Tegridy-MIDI-Dataset (48).mid,696,146.41666666666666,1
/mnt/c/Users/Sanjeev's LOQ/Desktop/Intership/AI_Music_Generation/midi/Tegridy-MIDI-Dataset (49).mid,569,127.66666666666667,1
/mnt/c/Users/Sanjeev's LOQ/Desktop/Intership/AI_Music_Generation/midi/Tegridy-MIDI-Dataset (5).mid,407,142.33333333333334,1
/mnt/c/Users/Sanjeev's LOQ/Desktop/Intership/AI_Music_Generation/midi/Tegridy-MIDI-Dataset (50).mid,1192,262.5833333333333,1
/mnt/c/Users/Sanjeev's LOQ/Desktop/Intership/AI_Music_Generation/midi/Tegridy-MIDI-Dataset (51).mid,1496,341.3333333333333,1
/mnt/c/Users/Sanjeev's LOQ/Desktop/Intership/AI_Music_Generation/midi/Tegridy-MIDI-Dataset (52).mid,867,187.0,1
/mnt/c/Users/Sanjeev's LOQ/Desktop/Intership/AI_Music_Generation/midi/Tegridy-MIDI-Dataset (53).mid,419,108.0,1
/mnt/c/Users/Sanjeev's LOQ/Desktop/Intership/AI_Music_Generation/midi/Tegridy-MIDI-Dataset (54).mid,546,132.58333333333334,1
/mnt/c/Users/Sanjeev's LOQ/Desktop/Intership/AI_Music_Generation/midi/Tegridy-MIDI-Dataset (55).mid,586,172.0,1
/mnt/c/Users/Sanjeev's LOQ/Desktop/Intership/AI_Music_Generation/midi/Tegridy-MIDI-Dataset (56).mid,417,136.0,1
/mnt/c/Users/Sanjeev's LOQ/Desktop/Intership/AI_Music_Generation/midi/Tegridy-MIDI-Dataset (57).mid,592,198.66666666666666,1
/mnt/c/Users/Sanjeev's LOQ/Desktop/Intership/AI_Music_Generation/midi/Tegridy-MIDI-Dataset (58).mid,472,110.0,1
/mnt/c/Users/Sanjeev's LOQ/Desktop/Intership/AI_Music_Generation/midi/Tegridy-MIDI-Dataset (59).mid,779,233.16666666666666,1
/mnt/c/Users/Sanjeev's LOQ/Desktop/Intership/AI_Music_Generation/midi/Tegridy-MIDI-Dataset (6).mid,391,104.0,1
/mnt/c/Users/Sanjeev's LOQ/Desktop/Intership/AI_Music_Generation/midi/Tegridy-MIDI-Dataset (60).mid,542,158.91666666666666,1
/mnt/c/Users/Sanjeev's LOQ/Desktop/Intership/AI_Music_Generation/midi/Tegridy-MIDI-Dataset (61).mid,694,180.41666666666666,1
/mnt/c/Users/Sanjeev's LOQ/Desktop/Intership/AI_Music_Generation/midi/Tegridy-MIDI-Dataset (62).mid,864,224.0,1
/mnt/c/Users/Sanjeev's LOQ/Desktop/Intership/AI_Music_Generation/midi/Tegridy-MIDI-Dataset (63).mid,854,216.0,1
/mnt/c/Users/Sanjeev's LOQ/Desktop/Intership/AI_Music_Generation/midi/Tegridy-MIDI-Dataset (64).mid,736,211.58333333333334,1
/mnt/c/Users/Sanjeev's LOQ/Desktop/Intership/AI_Music_Generation/midi/Tegridy-MIDI-Dataset (65).mid,360,128.5,1
/mnt/c/Users/Sanjeev's LOQ/Desktop/Intership/AI_Music_Generation/midi/Tegridy-MIDI-Dataset (66).mid,478,180.0,1
/mnt/c/Users/Sanjeev's LOQ/Desktop/Intership/AI_Music_Generation/midi/Tegridy-MIDI-Dataset (67).mid,593,132.0,1
/mnt/c/Users/Sanjeev's LOQ/Desktop/Intership/AI_Music_Generation/midi/Tegridy-MIDI-Dataset (68).mid,978,221.83333333333334,1
/mnt/c/Users/Sanjeev's LOQ/Desktop/Intership/AI_Music_Generation/midi/Tegridy-MIDI-Dataset (69).mid,669,180.0,1
/mnt/c/Users/Sanjeev's LOQ/Desktop/Intership/AI_Music_Generation/midi/Tegridy-MIDI-Dataset (7).mid,781,237.16666666666666,1
/mnt/c/Users/Sanjeev's LOQ/Desktop/Intership/AI_Music_Generation/midi/Tegridy-MIDI-Dataset (70).mid,1104,242.25,1
/mnt/c/Users/Sanjeev's LOQ/Desktop/Intership/AI_Music_Generation/midi/Tegridy-MIDI-Dataset (71).mid,598,136.5,1
/mnt/c/Users/Sanjeev's LOQ/Desktop/Intership/AI_Music_Generation/midi/Tegridy-MIDI-Dataset (72).mid,1034,235.0,1
/mnt/c/Users/Sanjeev's LOQ/Desktop/Intership/AI_Music_Generation/midi/Tegridy-MIDI-Dataset (73).mid,792,224.0,1
/mnt/c/Users/Sanjeev's LOQ/Desktop/Intership/AI_Music_Generation/midi/Tegridy-MIDI-Dataset (74).mid,875,196.25,1
/mnt/c/Users/Sanjeev's LOQ/Desktop/Intership/AI_Music_Generation/midi/Tegridy-MIDI-Dataset (75).mid,798,136.5,1
/mnt/c/Users/Sanjeev's LOQ/Desktop/Intership/AI_Music_Generation/midi/Tegridy-MIDI-Dataset (76).mid,988,294.0833333333333,1
/mnt/c/Users/Sanjeev's LOQ/Desktop/Intership/AI_Music_Generation/midi/Tegridy-MIDI-Dataset (77).mid,987,294.0833333333333,1
/mnt/c/Users/Sanjeev's LOQ/Desktop/Intership/AI_Music_Generation/midi/Tegridy-MIDI-Dataset (78).mid,942,383.75,1
/mnt/c/Users/Sanjeev's LOQ/Desktop/Intership/AI_Music_Generation/midi/Tegridy-MIDI-Dataset (79).mid,915,371.8333333333333,1
/mnt/c/Users/Sanjeev's LOQ/Desktop/Intership/AI_Music_Generation/midi/Tegridy-MIDI-Dataset (8).mid,1508,415.6666666666667,1
/mnt/c/Users/Sanjeev's LOQ/Desktop/Intership/AI_Music_Generation/midi/Tegridy-MIDI-Dataset (80).mid,417,136.0,1
/mnt/c/Users/Sanjeev's LOQ/Desktop/Intership/AI_Music_Generation/midi/Tegridy-MIDI-Dataset (81).mid,696,146.41666666666666,1
/mnt/c/Users/Sanjeev's LOQ/Desktop/Intership/AI_Music_Generation/midi/Tegridy-MIDI-Dataset (82).mid,857,376.8333333333333,1
/mnt/c/Users/Sanjeev's LOQ/Desktop/Intership/AI_Music_Generation/midi/Tegridy-MIDI-Dataset (83).mid,824,158.66666666666666,1
/mnt/c/Users/Sanjeev's LOQ/Desktop/Intership/AI_Music_Generation/midi/Tegridy-MIDI-Dataset (84).mid,824,158.66666666666666,1
/mnt/c/Users/Sanjeev's LOQ/Desktop/Intership/AI_Music_Generation/midi/Tegridy-MIDI-Dataset (85).mid,1052,237.0,1
/mnt/c/Users/Sanjeev's LOQ/Desktop/Intership/AI_Music_Generation/midi/Tegridy-MIDI-Dataset (86).mid,647,176.08333333333334,1
/mnt/c/Users/Sanjeev's LOQ/Desktop/Intership/AI_Music_Generation/midi/Tegridy-MIDI-Dataset (87).mid,651,102.91666666666667,1
/mnt/c/Users/Sanjeev's LOQ/Desktop/Intership/AI_Music_Generation/midi/Tegridy-MIDI-Dataset (88).mid,593,132.0,1
/mnt/c/Users/Sanjeev's LOQ/Desktop/Intership/AI_Music_Generation/midi/Tegridy-MIDI-Dataset (89).mid,393,215.41666666666666,1
/mnt/c/Users/Sanjeev's LOQ/Desktop/Intership/AI_Music_Generation/midi/Tegridy-MIDI-Dataset (9).mid,942,220.0,1
/mnt/c/Users/Sanjeev's LOQ/Desktop/Intership/AI_Music_Generation/midi/Tegridy-MIDI-Dataset (90).mid,589,164.33333333333334,1
/mnt/c/Users/Sanjeev's LOQ/Desktop/Intership/AI_Music_Generation/midi/Tegridy-MIDI-Dataset (91).mid,605,92.75,1
/mnt/c/Users/Sanjeev's LOQ/Desktop/Intership/AI_Music_Generation/midi/Tegridy-MIDI-Dataset (92).mid,694,180.41666666666666,1
/mnt/c/Users/Sanjeev's LOQ/Desktop/Intership/AI_Music_Generation/midi/Tegridy-MIDI-Dataset (93).mid,587,172.0,1
/mnt/c/Users/Sanjeev's LOQ/Desktop/Intership/AI_Music_Generation/midi/Tegridy-MIDI-Dataset (94).mid,710,298.3333333333333,1
/mnt/c/Users/Sanjeev's LOQ/Desktop/Intership/AI_Music_Generation/midi/Tegridy-MIDI-Dataset (95).mid,615,437.0,1
/mnt/c/Users/Sanjeev's LOQ/Desktop/Intership/AI_Music_Generation/midi/Tegridy-MIDI-Dataset (96).mid,429,141.0,1
/mnt/c/Users/Sanjeev's LOQ/Desktop/Intership/AI_Music_Generation/midi/Tegridy-MIDI-Dataset (97).mid,669,180.0,1
/mnt/c/Users/Sanjeev's LOQ/Desktop/Intership/AI_Music_Generation/midi/Tegridy-MIDI-Dataset (98).mid,631,142.5,1
/mnt/c/Users/Sanjeev's LOQ/Desktop/Intership/AI_Music_Generation/midi/Tegridy-MIDI-Dataset (99).mid,961,213.66666666666666,1
